[{"character":"A","factor":"high","integer":1,"double":1.5,"logical":true,"date":"2021-11-15"},{"character":"B","factor":"low","integer":2,"double":2.5,"logical":true,"date":"2021-11-14"},{"character":"C","factor":"med","integer":3,"double":3.5,"logical":false,"date":"2021-11-13"},{"character":"D","factor":"high","integer":4,"double":4.5,"logical":false,"date":"2021-11-12"},{"character":"E","factor":"low","integer":5,"double":5.5,"date":"2021-11-11"},{"character":"F","factor":"med","integer":6,"double":6.5,"logical":true,"date":"2021-11-10"}]