[{"character":"A","factor":"high","integer":1,"double":1.5,"logical":true,"date":"2022-01-24"},{"character":"B","factor":"low","integer":2,"double":2.5,"logical":true,"date":"2022-01-23"},{"character":"C","factor":"med","integer":3,"double":3.5,"logical":false,"date":"2022-01-22"},{"character":"D","factor":"high","integer":4,"double":4.5,"logical":false,"date":"2022-01-21"},{"character":"E","factor":"low","integer":5,"double":5.5,"date":"2022-01-20"},{"character":"F","factor":"med","integer":6,"double":6.5,"logical":true,"date":"2022-01-19"}]