caller_id,employee_id,call_start,wait_time,call_time,issue_category,satisfaction
c001,e01,2020-09-22T10:47:54Z,169,34,tech,3
c002,e01,2020-09-07T22:10:25Z,206,52,tech,2
c003,e01,2020-07-06T12:08:59Z,207,41,tech,2
c004,e01,2020-02-20T13:12:03Z,132,16,tech,4
c005,e01,2020-11-08T17:42:10Z,178,20,returns,3
c006,e01,2020-06-01T19:06:12Z,230,46,returns,2
c007,e01,2020-12-21T09:29:30Z,193,46,tech,2
c008,e01,2020-10-28T18:34:40Z,244,39,other,1
c009,e01,2020-04-13T18:28:59Z,222,46,tech,2
c010,e01,2020-05-04T14:19:47Z,136,20,returns,4
c011,e01,2020-10-22T02:19:35Z,224,22,returns,2
c012,e01,2020-02-10T23:20:25Z,216,34,other,2
c013,e01,2020-04-21T08:36:12Z,213,40,tech,2
c014,e01,2020-08-24T11:17:12Z,170,44,tech,4
c015,e01,2020-12-17T08:19:54Z,135,25,returns,4
c016,e01,2020-12-20T03:31:58Z,118,23,returns,4
c017,e01,2020-12-06T14:27:20Z,267,34,sales,1
c018,e01,2020-05-03T13:54:55Z,212,48,returns,2
c019,e01,2020-06-13T05:14:20Z,210,72,returns,2
c020,e01,2020-07-20T03:37:07Z,176,38,other,3
c021,e01,2020-08-03T06:30:52Z,229,17,returns,2
c022,e01,2020-08-29T03:10:26Z,314,40,returns,1
c023,e01,2020-10-15T03:56:45Z,176,52,tech,3
c024,e01,2020-05-18T21:07:52Z,209,37,tech,2
c025,e01,2020-01-19T00:22:08Z,248,58,sales,2
c026,e01,2020-12-20T22:40:13Z,267,35,sales,1
c027,e01,2020-11-10T14:11:55Z,201,22,tech,2
c028,e01,2020-11-05T00:41:06Z,226,26,tech,2
c029,e01,2020-09-09T11:58:34Z,170,46,returns,3
c030,e01,2020-11-22T17:44:45Z,230,31,returns,2
c031,e01,2020-05-20T16:07:32Z,154,25,returns,4
c032,e01,2020-01-09T05:23:07Z,208,22,tech,2
c033,e01,2020-04-23T10:05:15Z,201,19,tech,3
c034,e01,2020-08-05T23:18:12Z,250,34,tech,1
c035,e01,2020-01-13T09:34:01Z,130,26,tech,4
c036,e01,2020-09-14T01:47:06Z,258,24,returns,2
c037,e01,2020-05-23T23:44:52Z,165,26,tech,3
c038,e01,2020-11-02T16:26:35Z,159,39,returns,4
c039,e01,2020-03-01T12:06:23Z,186,27,returns,3
c040,e01,2020-05-25T06:30:05Z,274,58,returns,1
c041,e01,2020-05-10T04:25:34Z,80,19,tech,5
c042,e01,2020-03-07T23:19:30Z,232,41,tech,2
c043,e01,2020-07-18T05:33:25Z,118,37,tech,4
c044,e01,2020-12-08T03:02:58Z,156,15,sales,4
c045,e01,2020-10-03T09:02:13Z,230,42,returns,2
c046,e01,2020-03-29T05:53:01Z,262,26,tech,1
c047,e01,2020-01-14T12:27:19Z,217,18,returns,2
c048,e01,2020-01-19T05:20:21Z,212,39,returns,2
c049,e01,2020-03-25T15:09:57Z,96,20,returns,5
c050,e01,2020-09-01T16:02:35Z,180,30,other,3
c051,e01,2020-06-21T04:17:35Z,206,8,tech,3
c052,e01,2020-05-04T17:35:10Z,103,25,tech,5
c053,e01,2020-01-29T09:47:01Z,244,36,tech,1
c054,e01,2020-10-27T02:27:31Z,182,36,other,3
c055,e01,2020-07-09T17:37:22Z,242,41,tech,1
c056,e01,2020-03-09T08:14:41Z,211,50,tech,2
c057,e01,2020-12-07T19:25:48Z,144,11,tech,4
c058,e01,2020-11-27T19:39:21Z,58,17,sales,5
c059,e01,2020-08-17T14:45:04Z,189,22,tech,2
c060,e01,2020-04-13T03:12:40Z,200,21,sales,3
c061,e01,2020-11-17T23:21:08Z,194,57,other,3
c062,e01,2020-06-12T12:28:13Z,240,56,tech,2
c063,e01,2020-12-06T13:39:30Z,212,52,returns,3
c064,e02,2020-06-25T09:02:59Z,105,53,sales,5
c065,e02,2020-11-07T04:59:21Z,178,66,sales,4
c066,e02,2020-09-28T10:21:25Z,228,63,other,2
c067,e02,2020-05-17T19:02:59Z,214,48,sales,3
c068,e02,2020-04-02T01:02:20Z,195,64,other,3
c069,e02,2020-12-05T17:05:54Z,223,66,tech,2
c070,e02,2020-10-28T13:59:54Z,169,35,returns,4
c071,e02,2020-03-10T05:20:31Z,212,92,sales,3
c072,e02,2020-05-07T17:53:20Z,255,82,returns,2
c073,e02,2020-07-10T15:42:42Z,231,71,tech,2
c074,e02,2020-02-25T03:00:31Z,189,37,returns,3
c075,e02,2020-01-05T23:47:21Z,168,14,tech,4
c076,e02,2020-03-16T06:19:21Z,193,49,tech,2
c077,e02,2020-06-11T17:55:31Z,190,72,tech,3
c078,e02,2020-12-21T03:54:34Z,230,63,sales,2
c079,e02,2020-02-25T11:14:16Z,155,47,other,4
c080,e02,2020-01-22T09:39:22Z,151,51,tech,4
c081,e02,2020-11-25T01:54:44Z,113,40,tech,5
c082,e02,2020-10-17T11:10:02Z,194,90,tech,3
c083,e02,2020-02-23T00:52:36Z,241,91,tech,2
c084,e02,2020-11-21T20:58:10Z,213,63,returns,3
c085,e02,2020-01-15T17:11:01Z,217,75,tech,2
c086,e02,2020-05-02T17:23:37Z,153,54,returns,4
c087,e02,2020-09-21T16:33:39Z,157,52,returns,4
c088,e02,2020-05-27T00:24:20Z,249,67,tech,1
c089,e02,2020-08-04T11:14:08Z,279,75,returns,1
c090,e02,2020-10-26T21:34:48Z,144,47,other,4
c091,e02,2020-02-19T21:56:43Z,149,68,returns,4
c092,e02,2020-02-13T13:44:05Z,156,61,other,4
c093,e02,2020-10-12T13:15:30Z,256,73,tech,1
c094,e02,2020-07-07T11:38:08Z,162,65,tech,4
c095,e02,2020-01-24T02:31:15Z,200,73,sales,3
c096,e02,2020-09-28T06:31:24Z,210,96,tech,2
c097,e02,2020-11-10T08:50:20Z,225,60,tech,2
c098,e02,2020-09-06T21:27:22Z,255,66,tech,2
c099,e02,2020-04-04T02:43:03Z,185,95,other,3
c100,e02,2020-07-13T12:48:37Z,208,54,returns,3
c101,e02,2020-12-24T00:58:27Z,178,69,tech,3
c102,e02,2020-02-13T06:09:39Z,263,60,returns,2
c103,e02,2020-01-16T03:21:28Z,101,61,returns,5
c104,e02,2020-09-26T10:15:16Z,192,40,sales,3
c105,e02,2020-05-21T13:36:09Z,164,28,returns,4
c106,e02,2020-10-19T07:55:28Z,212,34,sales,3
c107,e02,2020-07-13T06:49:59Z,188,43,other,3
c108,e02,2020-10-26T06:46:53Z,250,75,tech,2
c109,e02,2020-10-17T20:01:26Z,108,60,tech,5
c110,e02,2020-05-28T14:15:07Z,74,46,tech,5
c111,e02,2020-04-17T23:27:39Z,194,68,returns,3
c112,e02,2020-11-18T07:55:37Z,212,52,tech,2
c113,e02,2020-04-27T15:24:40Z,248,89,sales,2
c114,e02,2020-05-22T18:41:24Z,200,57,returns,3
c115,e02,2020-05-28T13:58:38Z,221,33,other,2
c116,e02,2020-10-04T12:46:49Z,75,38,tech,5
c117,e03,2020-11-26T16:25:05Z,111,59,returns,5
c118,e03,2020-02-15T17:05:02Z,107,34,tech,5
c119,e03,2020-07-31T20:02:34Z,189,45,returns,4
c120,e03,2020-12-09T20:29:39Z,122,51,tech,4
c121,e03,2020-08-13T01:54:58Z,242,54,tech,2
c122,e03,2020-06-09T20:04:12Z,265,52,returns,1
c123,e03,2020-08-09T04:26:44Z,138,40,tech,4
c124,e03,2020-07-23T22:52:09Z,195,28,tech,3
c125,e03,2020-03-31T01:37:19Z,204,52,tech,3
c126,e03,2020-06-04T15:23:42Z,184,26,tech,3
c127,e03,2020-04-24T18:02:57Z,245,80,returns,2
c128,e03,2020-07-20T09:12:20Z,117,32,returns,5
c129,e03,2020-11-17T21:17:15Z,69,28,sales,5
c130,e03,2020-05-21T13:21:53Z,81,30,other,5
c131,e03,2020-01-06T07:36:02Z,251,25,tech,2
c132,e03,2020-11-04T22:56:33Z,152,32,returns,4
c133,e03,2020-12-17T09:15:28Z,227,28,tech,2
c134,e03,2020-07-17T15:45:08Z,179,38,other,4
c135,e03,2020-09-20T02:38:18Z,168,51,tech,4
c136,e03,2020-09-19T14:41:11Z,195,18,tech,3
c137,e03,2020-08-18T11:56:30Z,181,22,tech,3
c138,e03,2020-09-25T22:22:06Z,216,58,sales,3
c139,e03,2020-06-17T03:58:21Z,58,18,sales,5
c140,e03,2020-12-18T06:58:51Z,198,43,returns,3
c141,e03,2020-12-14T23:01:30Z,211,47,tech,2
c142,e03,2020-07-21T03:43:00Z,217,35,returns,3
c143,e03,2020-03-07T04:17:49Z,102,40,sales,5
c144,e03,2020-03-05T03:17:05Z,166,36,sales,4
c145,e03,2020-04-07T22:21:36Z,179,26,tech,4
c146,e03,2020-12-30T22:31:27Z,162,49,returns,4
c147,e03,2020-07-17T18:18:24Z,139,19,sales,4
c148,e03,2020-01-13T19:43:23Z,131,14,tech,5
c149,e03,2020-05-22T08:20:08Z,249,40,tech,1
c150,e03,2020-05-21T15:30:44Z,211,37,returns,3
c151,e03,2020-11-29T07:12:46Z,216,45,other,2
c152,e03,2020-03-01T01:12:14Z,203,53,tech,3
c153,e03,2020-02-08T15:14:29Z,257,42,tech,2
c154,e03,2020-01-02T02:12:52Z,125,8,returns,5
c155,e03,2020-08-23T22:10:36Z,157,25,tech,4
c156,e03,2020-10-25T02:56:55Z,180,50,returns,4
c157,e03,2020-04-27T14:34:37Z,176,55,tech,4
c158,e03,2020-05-28T07:56:03Z,216,20,tech,2
c159,e03,2020-01-01T00:28:14Z,183,42,tech,3
c160,e03,2020-06-06T14:37:44Z,260,64,returns,2
c161,e03,2020-09-17T00:59:55Z,232,49,other,2
c162,e03,2020-03-18T15:27:33Z,213,39,other,2
c163,e03,2020-11-20T08:38:45Z,102,19,returns,5
c164,e03,2020-07-17T01:40:56Z,207,26,tech,2
c165,e03,2020-03-16T00:43:46Z,135,27,returns,5
c166,e03,2020-07-14T06:25:33Z,242,42,returns,2
c167,e03,2020-10-22T21:08:12Z,199,10,other,3
c168,e03,2020-07-12T18:42:14Z,200,33,tech,3
c169,e03,2020-11-10T23:53:40Z,150,30,returns,5
c170,e03,2020-10-10T19:12:33Z,260,46,other,2
c171,e03,2020-03-10T03:41:53Z,200,14,other,3
c172,e03,2020-06-05T22:59:39Z,193,33,returns,3
c173,e03,2020-01-10T14:25:17Z,128,45,returns,5
c174,e03,2020-10-12T20:10:01Z,274,46,tech,1
c175,e03,2020-09-06T12:50:40Z,243,67,sales,2
c176,e03,2020-08-23T03:02:30Z,120,41,returns,5
c177,e03,2020-12-06T19:59:35Z,202,29,returns,3
c178,e03,2020-09-04T16:34:51Z,101,10,other,5
c179,e03,2020-08-18T02:41:40Z,48,23,returns,5
c180,e03,2020-10-03T01:11:44Z,227,26,other,2
c181,e03,2020-05-25T03:58:27Z,96,64,tech,5
c182,e03,2020-10-02T18:50:19Z,206,12,returns,3
c183,e03,2020-07-03T21:17:07Z,204,57,tech,3
c184,e03,2020-05-05T10:48:31Z,197,20,returns,3
c185,e03,2020-09-29T05:46:17Z,250,63,tech,1
c186,e03,2020-02-22T18:47:49Z,236,58,returns,3
c187,e03,2020-10-12T13:12:46Z,246,51,tech,1
c188,e03,2020-05-05T01:10:48Z,169,20,returns,4
c189,e03,2020-03-13T13:16:33Z,149,23,returns,4
c190,e03,2020-12-25T23:05:17Z,177,61,tech,3
c191,e03,2020-10-10T01:01:07Z,224,49,tech,2
c192,e03,2020-09-19T14:59:47Z,186,12,tech,3
c193,e03,2020-12-28T05:16:02Z,192,60,tech,3
c194,e03,2020-11-27T14:46:55Z,235,58,returns,2
c195,e03,2020-12-23T19:38:33Z,140,56,tech,4
c196,e03,2020-07-19T10:14:51Z,199,32,returns,3
c197,e03,2020-05-21T00:09:29Z,210,87,returns,3
c198,e03,2020-10-25T11:46:39Z,235,33,returns,2
c199,e03,2020-11-03T05:10:45Z,217,67,sales,3
c200,e03,2020-09-28T22:54:09Z,214,50,tech,2
c201,e03,2020-01-14T07:38:29Z,270,42,returns,2
c202,e03,2020-04-08T21:34:58Z,151,61,returns,4
c203,e03,2020-01-01T00:05:04Z,230,40,returns,2
c204,e03,2020-08-23T13:04:24Z,214,20,tech,3
c205,e03,2020-12-21T07:30:40Z,180,12,returns,4
c206,e04,2020-07-09T01:00:56Z,118,85,sales,5
c207,e04,2020-02-23T00:17:46Z,263,87,sales,2
c208,e04,2020-04-24T15:08:39Z,121,76,returns,5
c209,e04,2020-06-13T10:44:22Z,176,74,tech,3
c210,e04,2020-01-11T13:49:00Z,251,77,tech,2
c211,e04,2020-11-05T23:09:36Z,268,88,tech,1
c212,e04,2020-07-18T18:37:46Z,138,69,tech,4
c213,e04,2020-12-19T19:30:23Z,163,99,tech,4
c214,e04,2020-12-28T03:57:09Z,133,38,tech,4
c215,e04,2020-02-08T22:25:13Z,228,75,returns,2
c216,e04,2020-10-03T01:13:49Z,113,79,sales,5
c217,e04,2020-12-04T01:46:22Z,137,74,tech,4
c218,e04,2020-11-14T06:18:25Z,227,61,other,2
c219,e04,2020-08-16T21:31:56Z,207,72,returns,3
c220,e04,2020-11-20T10:24:03Z,211,86,tech,3
c221,e04,2020-11-03T10:25:39Z,217,97,tech,2
c222,e04,2020-01-08T14:09:17Z,199,35,tech,3
c223,e04,2020-11-21T18:25:51Z,217,60,tech,2
c224,e04,2020-06-15T19:20:03Z,174,76,sales,4
c225,e04,2020-11-18T12:13:44Z,116,66,returns,5
c226,e04,2020-02-19T02:16:36Z,83,29,tech,5
c227,e04,2020-11-11T21:38:29Z,168,45,other,4
c228,e04,2020-01-23T08:10:18Z,229,81,sales,3
c229,e04,2020-09-21T12:39:00Z,215,84,tech,2
c230,e04,2020-10-22T18:37:42Z,242,81,tech,2
c231,e04,2020-06-19T07:43:52Z,167,80,tech,4
c232,e04,2020-05-06T00:40:43Z,72,101,returns,5
c233,e04,2020-09-02T13:53:05Z,191,87,other,3
c234,e04,2020-09-05T10:35:04Z,225,78,tech,2
c235,e04,2020-07-04T17:03:43Z,260,84,returns,1
c236,e04,2020-06-12T18:58:56Z,187,63,tech,3
c237,e04,2020-12-16T11:46:44Z,173,46,tech,3
c238,e04,2020-07-16T09:52:17Z,23,42,tech,5
c239,e04,2020-05-15T15:07:39Z,225,94,tech,2
c240,e04,2020-10-22T15:04:18Z,187,105,tech,3
c241,e04,2020-07-03T18:06:47Z,140,61,other,4
c242,e04,2020-11-21T02:52:34Z,188,58,sales,3
c243,e04,2020-10-12T13:40:40Z,160,42,sales,4
c244,e04,2020-06-01T17:51:18Z,222,82,returns,2
c245,e04,2020-10-17T22:44:35Z,170,80,returns,3
c246,e04,2020-03-04T18:50:15Z,207,102,tech,2
c247,e04,2020-12-09T18:53:30Z,125,77,other,4
c248,e04,2020-08-20T13:58:23Z,260,79,tech,1
c249,e04,2020-05-23T17:04:11Z,133,56,tech,4
c250,e04,2020-06-20T20:35:53Z,115,82,sales,5
c251,e04,2020-10-12T13:23:19Z,190,65,tech,3
c252,e04,2020-08-02T08:14:47Z,123,70,tech,4
c253,e04,2020-11-25T01:02:49Z,64,61,returns,5
c254,e04,2020-01-03T23:27:20Z,178,76,tech,3
c255,e04,2020-01-18T11:15:01Z,181,88,other,3
c256,e04,2020-07-24T10:12:59Z,178,81,returns,3
c257,e04,2020-11-13T17:38:42Z,180,94,tech,3
c258,e04,2020-12-27T00:16:22Z,157,70,tech,3
c259,e04,2020-06-16T08:06:54Z,154,101,returns,4
c260,e04,2020-08-25T10:28:49Z,242,98,tech,1
c261,e04,2020-06-30T23:51:27Z,170,47,sales,4
c262,e04,2020-11-09T03:44:31Z,117,46,returns,4
c263,e04,2020-07-11T02:45:11Z,230,73,returns,2
c264,e04,2020-07-01T16:53:27Z,188,103,tech,3
c265,e05,2020-07-15T17:18:35Z,141,48,returns,4
c266,e05,2020-12-24T05:26:29Z,272,62,tech,1
c267,e05,2020-05-08T07:00:35Z,186,42,other,4
c268,e05,2020-12-25T05:38:34Z,154,84,tech,4
c269,e05,2020-03-03T00:46:35Z,194,31,tech,3
c270,e05,2020-12-03T04:40:29Z,148,42,tech,4
c271,e05,2020-05-20T20:52:29Z,151,46,tech,4
c272,e05,2020-06-29T17:49:23Z,241,65,tech,2
c273,e05,2020-08-23T20:15:38Z,214,41,tech,2
c274,e05,2020-10-30T01:09:35Z,249,169,returns,2
c275,e05,2020-10-15T01:19:12Z,155,35,tech,4
c276,e05,2020-02-05T00:57:33Z,194,68,sales,3
c277,e05,2020-12-15T05:08:11Z,127,65,tech,4
c278,e05,2020-03-24T22:00:28Z,122,64,returns,4
c279,e05,2020-04-24T03:58:02Z,225,52,sales,2
c280,e05,2020-02-07T22:09:06Z,269,74,returns,2
c281,e05,2020-06-09T20:02:48Z,205,38,tech,3
c282,e05,2020-12-08T02:52:06Z,280,65,tech,1
c283,e05,2020-01-12T13:18:32Z,236,41,returns,2
c284,e05,2020-06-29T07:56:03Z,222,46,sales,3
c285,e05,2020-02-13T03:15:04Z,207,47,returns,3
c286,e05,2020-02-25T02:58:24Z,183,31,returns,4
c287,e05,2020-01-06T12:01:26Z,171,18,tech,3
c288,e05,2020-07-17T09:23:17Z,112,35,returns,5
c289,e05,2020-02-08T15:05:12Z,176,23,returns,4
c290,e05,2020-03-01T00:23:15Z,200,26,sales,3
c291,e05,2020-07-24T00:18:51Z,209,36,tech,2
c292,e05,2020-03-15T20:24:48Z,168,24,tech,4
c293,e05,2020-12-10T04:16:44Z,128,37,returns,4
c294,e05,2020-08-26T04:49:44Z,180,59,tech,3
c295,e05,2020-12-24T18:34:02Z,217,33,tech,3
c296,e05,2020-09-16T00:29:58Z,165,19,tech,4
c297,e05,2020-08-03T03:18:52Z,115,32,tech,5
c298,e05,2020-03-04T21:28:33Z,227,69,returns,2
c299,e05,2020-03-27T03:26:47Z,92,20,tech,5
c300,e05,2020-09-24T20:47:09Z,271,86,tech,1
c301,e05,2020-02-18T01:16:39Z,242,63,returns,2
c302,e05,2020-11-23T06:02:46Z,214,36,tech,2
c303,e05,2020-04-10T03:55:04Z,183,27,sales,4
c304,e05,2020-09-01T20:41:14Z,175,52,tech,4
c305,e05,2020-12-27T01:04:15Z,250,61,returns,2
c306,e05,2020-02-06T19:27:17Z,228,64,returns,2
c307,e05,2020-03-30T11:23:29Z,129,41,other,5
c308,e05,2020-01-26T15:19:23Z,165,46,tech,4
c309,e05,2020-05-11T06:40:57Z,146,42,tech,4
c310,e05,2020-02-25T05:00:00Z,115,37,tech,5
c311,e05,2020-02-25T13:02:01Z,186,62,returns,4
c312,e05,2020-02-25T14:17:57Z,172,25,tech,4
c313,e05,2020-03-04T02:33:42Z,223,73,other,3
c314,e05,2020-08-11T21:57:37Z,131,33,returns,4
c315,e05,2020-09-09T21:40:44Z,87,60,returns,5
c316,e05,2020-04-27T12:45:06Z,212,58,tech,3
c317,e05,2020-04-26T00:43:11Z,151,54,other,4
c318,e05,2020-07-31T18:11:31Z,229,73,tech,2
c319,e05,2020-08-25T07:30:45Z,180,35,tech,3
c320,e05,2020-04-12T23:12:02Z,116,19,tech,5
c321,e05,2020-12-26T04:55:46Z,162,48,tech,4
c322,e05,2020-09-04T20:04:46Z,207,81,sales,3
c323,e05,2020-09-10T01:43:38Z,199,49,other,3
c324,e05,2020-04-19T14:02:59Z,173,25,sales,4
c325,e05,2020-08-04T03:41:17Z,206,51,returns,3
c326,e05,2020-02-02T05:45:39Z,218,33,tech,3
c327,e05,2020-11-20T04:13:42Z,178,53,tech,3
c328,e05,2020-07-16T12:49:02Z,147,55,tech,4
c329,e06,2020-01-16T20:52:21Z,192,29,returns,4
c330,e06,2020-07-13T12:42:00Z,109,21,sales,5
c331,e06,2020-11-21T03:19:00Z,193,19,sales,4
c332,e06,2020-05-15T19:15:46Z,214,25,tech,2
c333,e06,2020-11-14T17:35:34Z,207,31,sales,3
c334,e06,2020-06-06T11:49:35Z,197,35,returns,3
c335,e06,2020-01-26T03:54:19Z,170,48,tech,4
c336,e06,2020-04-10T00:29:43Z,150,46,tech,4
c337,e06,2020-02-03T16:23:59Z,230,45,sales,3
c338,e06,2020-07-31T11:50:26Z,188,32,returns,3
c339,e06,2020-11-27T01:25:42Z,148,33,returns,4
c340,e06,2020-09-25T14:44:34Z,210,48,tech,2
c341,e06,2020-03-25T19:50:36Z,238,54,sales,2
c342,e06,2020-04-20T23:06:29Z,205,81,tech,2
c343,e06,2020-07-30T06:56:47Z,178,37,tech,4
c344,e06,2020-12-03T19:40:45Z,94,15,returns,5
c345,e06,2020-02-27T11:36:41Z,227,44,returns,2
c346,e06,2020-06-17T12:28:47Z,207,62,tech,3
c347,e06,2020-05-16T11:26:31Z,76,15,returns,5
c348,e06,2020-04-16T20:22:57Z,224,66,tech,3
c349,e06,2020-07-28T10:31:32Z,212,45,tech,2
c350,e06,2020-03-15T07:20:44Z,192,58,other,3
c351,e06,2020-06-10T10:34:50Z,278,69,returns,1
c352,e06,2020-11-14T17:00:09Z,132,41,returns,4
c353,e06,2020-04-03T07:29:59Z,215,57,tech,3
c354,e06,2020-02-23T03:52:17Z,154,39,returns,4
c355,e06,2020-03-07T06:01:52Z,211,33,tech,3
c356,e06,2020-06-10T08:18:48Z,219,58,returns,2
c357,e06,2020-09-04T23:37:50Z,199,37,other,3
c358,e06,2020-05-04T21:59:53Z,222,38,tech,3
c359,e06,2020-07-22T16:37:43Z,179,44,returns,4
c360,e06,2020-05-16T21:51:58Z,152,51,tech,4
c361,e06,2020-07-23T22:30:46Z,135,24,other,4
c362,e06,2020-03-03T19:57:18Z,261,34,sales,2
c363,e06,2020-03-20T16:02:55Z,161,28,tech,4
c364,e06,2020-10-04T16:29:07Z,183,64,returns,3
c365,e06,2020-05-18T20:42:25Z,163,23,tech,4
c366,e06,2020-11-22T02:53:01Z,184,35,other,4
c367,e06,2020-02-02T11:35:33Z,213,82,returns,2
c368,e06,2020-11-02T06:54:05Z,141,34,returns,4
c369,e06,2020-04-14T16:20:54Z,146,51,returns,4
c370,e06,2020-01-15T07:04:47Z,53,23,returns,5
c371,e06,2020-09-15T14:29:37Z,252,45,returns,2
c372,e06,2020-09-20T03:18:02Z,90,33,sales,5
c373,e06,2020-01-18T13:36:56Z,185,36,tech,4
c374,e06,2020-01-25T19:52:28Z,254,68,tech,2
c375,e06,2020-01-25T13:00:37Z,252,68,sales,2
c376,e06,2020-08-28T12:36:09Z,171,49,tech,3
c377,e06,2020-09-14T18:44:42Z,198,36,tech,4
c378,e06,2020-07-07T19:33:56Z,158,31,tech,4
c379,e06,2020-05-06T10:12:45Z,223,47,returns,3
c380,e06,2020-08-31T08:49:58Z,255,77,returns,1
c381,e06,2020-10-03T04:12:16Z,190,63,tech,3
c382,e06,2020-01-28T15:23:53Z,257,48,tech,2
c383,e06,2020-06-22T04:10:36Z,245,85,tech,2
c384,e06,2020-08-26T11:14:16Z,191,25,tech,3
c385,e06,2020-03-04T23:36:32Z,227,55,tech,2
c386,e06,2020-04-13T14:44:27Z,157,48,sales,4
c387,e06,2020-05-29T04:18:00Z,150,29,tech,4
c388,e06,2020-08-04T01:42:22Z,257,69,tech,1
c389,e06,2020-05-17T15:57:25Z,194,30,returns,3
c390,e06,2020-01-07T14:33:22Z,204,17,returns,3
c391,e06,2020-12-18T12:00:23Z,162,51,tech,4
c392,e06,2020-12-03T23:53:51Z,189,48,tech,3
c393,e06,2020-06-30T22:05:58Z,247,50,tech,2
c394,e06,2020-09-06T18:58:20Z,206,80,returns,3
c395,e06,2020-06-01T17:47:39Z,114,10,tech,5
c396,e06,2020-07-19T15:02:13Z,219,81,tech,2
c397,e06,2020-05-20T18:50:28Z,70,47,returns,5
c398,e06,2020-05-12T03:34:15Z,220,53,returns,2
c399,e07,2020-10-14T03:54:41Z,226,51,sales,3
c400,e07,2020-02-23T22:29:33Z,180,94,sales,4
c401,e07,2020-05-25T05:19:29Z,167,57,returns,4
c402,e07,2020-01-15T14:14:21Z,183,44,tech,4
c403,e07,2020-06-27T10:13:51Z,120,64,returns,5
c404,e07,2020-06-24T01:31:04Z,70,20,returns,5
c405,e07,2020-05-10T17:42:49Z,238,58,returns,2
c406,e07,2020-02-24T17:27:04Z,254,83,other,2
c407,e07,2020-12-14T23:51:16Z,120,24,tech,4
c408,e07,2020-02-09T08:52:34Z,176,37,tech,4
c409,e07,2020-08-20T17:06:46Z,152,59,other,4
c410,e07,2020-10-04T02:58:41Z,111,66,returns,5
c411,e07,2020-02-20T13:24:55Z,137,46,tech,4
c412,e07,2020-05-03T01:12:41Z,158,48,sales,4
c413,e07,2020-05-12T23:42:52Z,124,36,tech,5
c414,e07,2020-10-04T23:45:10Z,107,35,returns,5
c415,e07,2020-01-23T22:15:10Z,194,61,tech,3
c416,e07,2020-02-14T04:33:51Z,233,91,other,3
c417,e07,2020-05-20T05:23:20Z,132,76,returns,4
c418,e07,2020-07-22T19:19:23Z,230,84,tech,3
c419,e07,2020-10-01T04:22:12Z,140,50,returns,4
c420,e07,2020-01-18T09:45:04Z,196,54,other,4
c421,e07,2020-01-12T16:08:10Z,215,42,sales,3
c422,e07,2020-11-29T17:38:10Z,184,46,sales,4
c423,e07,2020-10-25T08:59:53Z,209,73,returns,3
c424,e07,2020-08-07T22:19:40Z,139,29,other,5
c425,e07,2020-09-25T13:44:34Z,157,152,tech,4
c426,e07,2020-08-04T09:01:44Z,222,60,tech,3
c427,e07,2020-10-29T00:33:24Z,171,26,tech,3
c428,e07,2020-01-22T14:31:58Z,126,76,tech,5
c429,e07,2020-07-06T01:33:35Z,214,58,tech,3
c430,e07,2020-01-18T14:52:32Z,205,46,returns,3
c431,e07,2020-06-05T13:54:20Z,214,92,other,2
c432,e07,2020-03-24T00:46:53Z,233,91,tech,2
c433,e07,2020-07-19T09:06:53Z,128,30,returns,5
c434,e07,2020-08-25T15:39:24Z,157,21,tech,4
c435,e07,2020-10-27T18:52:37Z,198,77,other,3
c436,e07,2020-04-12T04:06:58Z,129,37,tech,4
c437,e07,2020-10-02T02:57:02Z,164,34,tech,4
c438,e07,2020-05-19T10:19:47Z,262,71,tech,1
c439,e07,2020-10-20T08:42:48Z,194,43,returns,3
c440,e07,2020-09-21T23:50:48Z,112,54,other,5
c441,e07,2020-11-10T02:27:45Z,189,36,returns,3
c442,e07,2020-01-20T05:19:58Z,154,63,sales,4
c443,e07,2020-08-01T01:13:40Z,218,81,sales,3
c444,e07,2020-04-05T01:49:31Z,189,40,sales,4
c445,e07,2020-11-29T06:29:20Z,213,70,returns,3
c446,e07,2020-07-21T17:52:08Z,167,42,tech,4
c447,e07,2020-09-08T21:15:47Z,265,64,other,1
c448,e07,2020-08-17T13:59:42Z,272,94,other,1
c449,e07,2020-04-15T21:09:06Z,250,79,tech,2
c450,e07,2020-10-05T07:38:09Z,118,46,sales,5
c451,e07,2020-06-19T18:03:29Z,245,169,other,3
c452,e07,2020-11-05T19:56:25Z,186,31,returns,4
c453,e07,2020-07-08T07:01:55Z,148,41,tech,4
c454,e07,2020-10-20T12:59:19Z,222,174,tech,3
c455,e07,2020-06-30T15:15:28Z,269,62,tech,1
c456,e07,2020-09-17T01:27:33Z,239,47,tech,2
c457,e07,2020-05-21T08:02:34Z,223,42,sales,3
c458,e07,2020-02-10T13:18:31Z,89,37,returns,5
c459,e07,2020-04-05T01:42:24Z,166,30,tech,4
c460,e07,2020-08-18T04:28:38Z,258,73,tech,2
c461,e07,2020-10-10T06:55:41Z,270,63,returns,2
c462,e07,2020-04-29T20:18:23Z,108,45,tech,5
c463,e07,2020-03-01T13:45:50Z,277,81,returns,2
c464,e07,2020-03-04T11:55:38Z,133,52,returns,5
c465,e07,2020-12-13T10:58:04Z,167,76,returns,4
c466,e07,2020-10-13T11:27:22Z,200,64,tech,3
c467,e07,2020-11-03T16:04:10Z,166,50,tech,4
c468,e07,2020-07-21T19:01:56Z,149,51,sales,4
c469,e07,2020-07-18T18:08:09Z,149,40,other,4
c470,e07,2020-11-26T13:34:34Z,235,74,returns,2
c471,e07,2020-07-01T19:59:44Z,205,72,tech,3
c472,e07,2020-02-03T00:20:00Z,129,26,returns,5
c473,e07,2020-09-14T06:12:09Z,205,34,other,3
c474,e08,2020-02-04T02:22:54Z,173,48,other,5
c475,e08,2020-05-19T11:22:00Z,151,63,returns,5
c476,e08,2020-04-10T17:51:19Z,190,53,returns,4
c477,e08,2020-08-05T22:13:22Z,130,16,sales,5
c478,e08,2020-03-18T04:15:43Z,190,79,returns,4
c479,e08,2020-05-25T00:07:26Z,145,34,returns,4
c480,e08,2020-06-15T15:09:39Z,220,41,tech,3
c481,e08,2020-10-10T17:08:48Z,236,54,returns,2
c482,e08,2020-01-13T06:54:50Z,104,47,tech,5
c483,e08,2020-10-15T01:47:42Z,216,58,other,3
c484,e08,2020-02-04T20:08:10Z,241,33,tech,2
c485,e08,2020-01-25T07:42:14Z,150,63,returns,5
c486,e08,2020-01-14T00:09:37Z,207,31,returns,4
c487,e08,2020-02-08T13:08:00Z,223,41,returns,3
c488,e08,2020-11-24T21:40:04Z,207,39,tech,3
c489,e08,2020-05-26T04:51:40Z,106,26,sales,5
c490,e08,2020-10-14T12:59:53Z,244,59,tech,2
c491,e08,2020-06-12T11:53:58Z,170,32,tech,4
c492,e08,2020-12-24T05:57:15Z,216,30,sales,4
c493,e08,2020-03-09T21:44:16Z,212,31,tech,3
c494,e08,2020-10-07T15:52:02Z,199,64,tech,4
c495,e08,2020-08-12T03:13:28Z,206,43,returns,3
c496,e08,2020-03-02T21:07:58Z,201,32,returns,4
c497,e08,2020-09-26T04:43:17Z,224,80,returns,3
c498,e08,2020-11-24T20:10:03Z,204,24,returns,3
c499,e08,2020-06-01T19:10:36Z,234,73,tech,3
c500,e08,2020-08-01T00:08:01Z,147,38,tech,4
c501,e08,2020-05-18T11:29:47Z,203,24,tech,3
c502,e08,2020-06-10T09:37:57Z,235,41,returns,3
c503,e08,2020-09-23T14:26:52Z,184,31,tech,4
c504,e08,2020-03-21T18:09:13Z,165,46,tech,4
c505,e08,2020-03-14T15:12:22Z,192,59,tech,3
c506,e08,2020-09-28T19:47:30Z,196,52,other,3
c507,e08,2020-03-15T13:18:46Z,236,59,returns,3
c508,e08,2020-02-16T12:54:16Z,232,89,sales,3
c509,e08,2020-05-16T17:26:35Z,130,54,tech,5
c510,e08,2020-03-13T12:52:20Z,240,60,tech,2
c511,e08,2020-01-26T20:01:00Z,252,40,returns,2
c512,e08,2020-10-11T05:16:43Z,174,45,returns,4
c513,e08,2020-10-23T10:33:10Z,153,53,sales,4
c514,e08,2020-06-17T07:39:51Z,211,38,tech,3
c515,e08,2020-01-23T01:39:51Z,204,151,returns,3
c516,e08,2020-10-26T22:02:46Z,127,41,sales,5
c517,e08,2020-07-27T00:28:56Z,161,18,tech,4
c518,e08,2020-10-20T21:35:03Z,192,85,sales,4
c519,e08,2020-07-20T23:48:05Z,166,68,tech,4
c520,e08,2020-11-23T23:00:14Z,217,71,other,3
c521,e08,2020-05-26T00:38:01Z,227,74,sales,4
c522,e08,2020-06-08T09:58:48Z,238,39,returns,2
c523,e08,2020-03-25T19:44:52Z,215,72,tech,3
c524,e08,2020-07-05T09:00:17Z,203,33,other,4
c525,e08,2020-11-21T10:38:25Z,116,152,tech,5
c526,e08,2020-02-15T14:38:44Z,181,55,returns,4
c527,e08,2020-12-30T23:58:27Z,246,55,tech,2
c528,e08,2020-10-26T06:46:46Z,180,71,tech,4
c529,e08,2020-10-28T07:12:17Z,228,62,tech,2
c530,e08,2020-03-03T06:03:35Z,221,50,sales,3
c531,e08,2020-09-04T23:45:15Z,118,20,returns,5
c532,e08,2020-01-04T06:06:59Z,257,67,sales,2
c533,e08,2020-08-24T02:30:38Z,135,23,other,5
c534,e08,2020-01-28T09:39:20Z,206,92,other,3
c535,e08,2020-05-30T14:21:12Z,177,74,other,4
c536,e08,2020-02-08T22:19:09Z,59,41,returns,5
c537,e08,2020-05-13T12:42:34Z,199,39,sales,4
c538,e08,2020-05-13T12:25:02Z,228,63,returns,3
c539,e08,2020-11-26T01:42:45Z,229,60,sales,3
c540,e08,2020-12-09T07:12:37Z,187,76,other,4
c541,e08,2020-03-17T02:07:55Z,165,66,returns,4
c542,e08,2020-10-16T06:05:50Z,235,42,returns,3
c543,e08,2020-10-14T04:12:54Z,205,26,returns,3
c544,e08,2020-05-24T17:36:56Z,214,99,tech,3
c545,e08,2020-03-30T17:10:29Z,73,15,tech,5
c546,e08,2020-08-07T11:53:00Z,180,52,returns,4
c547,e08,2020-12-12T17:04:39Z,26,38,tech,5
c548,e08,2020-06-17T13:46:32Z,261,53,tech,2
c549,e08,2020-04-15T16:33:56Z,164,33,other,4
c550,e08,2020-04-13T22:52:21Z,218,78,returns,3
c551,e08,2020-01-21T19:48:47Z,212,18,sales,3
c552,e08,2020-08-30T08:27:52Z,190,53,sales,4
c553,e08,2020-04-05T13:18:44Z,242,64,returns,2
c554,e09,2020-10-20T00:01:29Z,134,27,returns,4
c555,e09,2020-12-31T12:22:05Z,164,43,tech,3
c556,e09,2020-08-12T04:57:30Z,214,84,returns,3
c557,e09,2020-05-03T19:11:43Z,224,69,returns,2
c558,e09,2020-07-01T04:37:57Z,232,14,tech,1
c559,e09,2020-04-14T13:40:50Z,237,55,returns,2
c560,e09,2020-12-26T11:08:37Z,176,67,returns,4
c561,e09,2020-03-27T23:21:04Z,254,57,returns,1
c562,e09,2020-06-01T08:16:43Z,184,51,tech,3
c563,e09,2020-12-02T23:03:33Z,184,31,returns,3
c564,e09,2020-05-04T09:10:59Z,185,24,tech,3
c565,e09,2020-10-09T03:22:12Z,244,72,other,1
c566,e09,2020-10-09T22:17:52Z,129,21,tech,4
c567,e09,2020-06-14T23:30:36Z,171,16,sales,4
c568,e09,2020-11-20T12:34:56Z,197,93,tech,2
c569,e09,2020-01-03T15:17:55Z,203,40,tech,2
c570,e09,2020-06-18T22:36:11Z,263,80,tech,1
c571,e09,2020-05-27T06:50:06Z,158,51,tech,3
c572,e09,2020-09-22T01:24:56Z,233,45,returns,2
c573,e09,2020-06-30T02:18:32Z,225,41,returns,2
c574,e09,2020-01-26T18:35:39Z,179,21,returns,3
c575,e09,2020-06-14T11:39:04Z,186,18,returns,3
c576,e09,2020-07-02T15:37:29Z,198,60,sales,3
c577,e09,2020-11-29T02:36:48Z,85,20,tech,5
c578,e09,2020-04-19T05:51:12Z,254,32,tech,1
c579,e09,2020-04-26T19:04:51Z,249,52,tech,1
c580,e09,2020-09-21T02:57:12Z,261,54,returns,1
c581,e09,2020-06-06T20:41:03Z,164,30,tech,3
c582,e09,2020-12-07T05:52:12Z,270,63,other,1
c583,e09,2020-12-28T05:58:57Z,157,41,tech,3
c584,e09,2020-01-13T12:56:46Z,152,37,returns,4
c585,e09,2020-03-08T00:11:32Z,127,20,returns,4
c586,e09,2020-08-24T19:23:24Z,222,30,returns,2
c587,e09,2020-10-13T13:04:58Z,236,66,tech,2
c588,e09,2020-10-20T11:21:17Z,39,30,other,5
c589,e09,2020-09-14T22:19:41Z,154,23,returns,4
c590,e09,2020-02-14T01:59:06Z,90,24,tech,5
c591,e09,2020-12-29T11:43:04Z,141,43,other,4
c592,e09,2020-01-04T15:33:51Z,191,41,tech,3
c593,e09,2020-12-29T17:38:52Z,209,30,tech,2
c594,e09,2020-12-14T21:50:37Z,203,34,tech,2
c595,e09,2020-01-25T00:35:24Z,249,44,returns,2
c596,e09,2020-08-10T13:08:58Z,183,20,tech,3
c597,e09,2020-11-01T19:11:45Z,164,17,sales,4
c598,e09,2020-07-11T20:54:07Z,129,40,tech,4
c599,e09,2020-12-03T07:35:05Z,214,147,tech,2
c600,e09,2020-04-14T03:12:29Z,165,33,tech,3
c601,e09,2020-11-08T13:34:58Z,113,44,sales,5
c602,e09,2020-06-29T16:04:47Z,205,30,returns,3
c603,e09,2020-03-02T03:13:02Z,170,43,sales,4
c604,e09,2020-06-04T22:58:28Z,195,40,returns,3
c605,e09,2020-06-18T09:23:04Z,159,19,returns,4
c606,e09,2020-06-24T03:34:42Z,203,118,tech,3
c607,e09,2020-08-12T18:30:56Z,243,78,tech,2
c608,e09,2020-10-10T05:45:16Z,196,25,tech,3
c609,e09,2020-12-16T06:14:38Z,178,50,tech,3
c610,e09,2020-08-02T23:39:31Z,218,44,returns,3
c611,e09,2020-05-16T23:12:21Z,196,58,returns,2
c612,e09,2020-07-03T22:30:54Z,226,35,other,2
c613,e09,2020-11-09T08:04:09Z,280,64,tech,1
c614,e10,2020-10-08T15:54:30Z,252,27,tech,2
c615,e10,2020-08-23T17:05:10Z,240,37,returns,2
c616,e10,2020-10-16T00:33:19Z,181,12,other,4
c617,e10,2020-03-09T17:14:58Z,214,39,tech,3
c618,e10,2020-11-18T11:42:14Z,245,24,other,2
c619,e10,2020-02-27T14:44:14Z,198,21,tech,3
c620,e10,2020-01-17T12:40:02Z,229,29,tech,2
c621,e10,2020-07-27T05:13:35Z,190,40,other,4
c622,e10,2020-01-21T18:34:36Z,158,11,tech,4
c623,e10,2020-09-16T16:09:23Z,129,30,returns,5
c624,e10,2020-03-29T17:33:38Z,260,61,sales,2
c625,e10,2020-11-04T11:51:49Z,217,25,returns,3
c626,e10,2020-12-13T00:52:03Z,59,10,returns,5
c627,e10,2020-06-26T00:39:22Z,168,16,other,4
c628,e10,2020-10-28T09:58:24Z,112,24,tech,5
c629,e10,2020-12-09T08:01:06Z,170,11,returns,4
c630,e10,2020-07-16T15:27:20Z,153,27,returns,4
c631,e10,2020-11-03T08:19:29Z,175,15,tech,4
c632,e10,2020-12-16T01:27:25Z,195,18,tech,3
c633,e10,2020-02-07T07:07:58Z,124,22,tech,5
c634,e10,2020-08-07T17:27:12Z,240,39,tech,2
c635,e10,2020-02-10T23:07:29Z,218,53,tech,3
c636,e10,2020-04-12T02:22:49Z,175,13,sales,4
c637,e10,2020-04-25T17:24:57Z,179,40,tech,4
c638,e10,2020-08-24T16:13:40Z,260,26,returns,2
c639,e10,2020-07-03T21:20:37Z,194,37,returns,4
c640,e10,2020-01-01T17:18:14Z,146,13,returns,5
c641,e10,2020-02-16T22:44:51Z,176,19,tech,4
c642,e10,2020-06-11T09:05:31Z,150,12,tech,4
c643,e10,2020-05-23T11:18:45Z,217,21,other,3
c644,e10,2020-09-21T06:34:17Z,183,41,returns,3
c645,e10,2020-03-12T19:24:12Z,125,24,other,5
c646,e10,2020-12-19T11:10:32Z,105,25,tech,5
c647,e10,2020-03-31T21:36:41Z,197,32,tech,3
c648,e10,2020-03-13T11:53:53Z,223,17,returns,3
c649,e10,2020-01-03T04:48:57Z,263,49,returns,2
c650,e10,2020-02-09T10:05:21Z,252,52,returns,3
c651,e10,2020-10-03T01:04:00Z,86,42,tech,5
c652,e10,2020-07-28T08:15:06Z,135,12,returns,5
c653,e10,2020-07-06T16:19:08Z,135,19,tech,5
c654,e10,2020-05-13T09:01:33Z,135,18,returns,5
c655,e10,2020-08-23T11:51:11Z,209,33,returns,3
c656,e10,2020-12-13T17:22:10Z,95,11,tech,5
c657,e10,2020-07-18T06:16:48Z,167,35,other,4
c658,e10,2020-02-09T12:36:32Z,228,29,sales,3
c659,e10,2020-09-20T07:48:11Z,100,17,tech,5
c660,e10,2020-03-25T20:36:29Z,217,52,sales,3
c661,e10,2020-12-03T01:01:07Z,232,37,tech,2
c662,e10,2020-03-18T00:49:39Z,163,16,tech,4
c663,e10,2020-06-15T00:20:15Z,172,41,returns,4
c664,e10,2020-05-27T21:59:11Z,232,53,returns,2
c665,e10,2020-01-17T19:28:39Z,200,20,other,4
c666,e10,2020-02-02T00:37:44Z,200,25,returns,3
c667,e10,2020-05-07T00:14:34Z,178,19,tech,4
c668,e10,2020-11-12T04:52:19Z,121,33,returns,5
c669,e10,2020-09-12T12:10:38Z,123,11,returns,5
c670,e10,2020-06-11T21:20:10Z,215,29,tech,3
c671,e10,2020-05-25T22:36:06Z,211,56,returns,3
c672,e10,2020-04-01T19:31:26Z,157,11,tech,4
c673,e10,2020-06-20T14:38:34Z,195,51,sales,4
c674,e10,2020-10-12T16:42:00Z,205,30,returns,3
c675,e10,2020-07-26T02:07:48Z,190,52,sales,4
c676,e10,2020-04-03T17:12:20Z,209,36,returns,3
c677,e10,2020-10-17T03:51:58Z,141,18,returns,4
c678,e10,2020-04-10T22:46:57Z,202,23,other,3
c679,e10,2020-11-11T14:53:57Z,238,33,returns,3
c680,e10,2020-06-19T17:50:06Z,186,30,tech,4
c681,e10,2020-01-15T02:03:34Z,165,11,tech,4
c682,e10,2020-03-23T09:30:59Z,169,36,sales,4
c683,e10,2020-05-09T07:25:34Z,165,12,returns,4
c684,e10,2020-10-27T01:00:43Z,84,25,tech,5
c685,e10,2020-09-17T01:51:12Z,169,33,tech,4
c686,e10,2020-06-27T00:21:41Z,103,17,tech,5
c687,e10,2020-06-09T07:04:55Z,178,8,tech,4
c688,e10,2020-01-26T12:28:23Z,263,20,tech,2
c689,e10,2020-12-31T19:22:43Z,152,33,tech,4
c690,e10,2020-07-02T10:02:40Z,172,29,tech,4
c691,e10,2020-12-24T04:27:11Z,261,65,returns,2
c692,e10,2020-04-11T16:32:22Z,181,10,sales,4
c693,e10,2020-09-29T07:14:37Z,191,17,returns,4
c694,e10,2020-04-11T21:44:21Z,106,15,tech,5
c695,e10,2020-09-24T07:15:38Z,162,39,tech,4
c696,e10,2020-07-29T14:41:32Z,227,58,returns,3
c697,e10,2020-09-16T19:01:03Z,188,43,returns,4
c698,e10,2020-12-09T06:04:15Z,281,42,returns,1
c699,e10,2020-05-23T13:55:16Z,200,21,tech,3
c700,e10,2020-07-16T11:18:36Z,222,36,sales,3
c701,e10,2020-06-13T11:17:32Z,216,20,tech,3
c702,e10,2020-02-03T23:15:16Z,196,12,returns,4
c703,e10,2020-10-13T22:57:58Z,179,25,tech,3
c704,e10,2020-07-24T16:16:18Z,47,7,tech,5
c705,e10,2020-12-28T22:36:02Z,189,26,tech,3
c706,e10,2020-05-24T10:56:20Z,186,29,sales,4
c707,e10,2020-06-06T23:13:14Z,138,18,tech,4
